RELEVANCY,HOST
25603,www.closerweekly.com
13766,loudwire.com
76868,www.complex.com
30057,www.southernliving.com
17613,radaronline.com
24633,variety.com
64395,www.metacritic.com
11875,pagesix.com
7069,okmagazine.com
10036,hellogiggles.com
34807,ew.com
32294,www.realsimple.com
11808,tvline.com
9242,www.fhm.com
12250,www.cracked.com
5603,abc.soapsindepth.com
31270,www.foodandwine.com
85424,people.com
493738,www.dailymail.co.uk
32097,www.usatoday.com
19157,deadline.com
28829,www.womenshealthmag.com
127888,www.tv.com
30355,hollywoodlife.com
10611,www.health.com
171381,www.last.fm
53769,www.billboard.com
17279,www.m-magazine.com
6875,www.insideedition.com
7727,extratv.com
32222,www.etonline.com
66129,www.independent.co.uk
14044,ultimateclassicrock.com
5867,www.obsev.com
11430,collider.com
76213,www.hollywoodreporter.com
157869,www.tvguide.com
49541,www.lifeandstylemag.com
37403,www.today.com
10734,peopleenespanol.com
11865,tasteofcountry.com
61943,www.telemundo.com
32629,www.j-14.com
14569,solecollector.com
307103,www.metrolyrics.com
32176,www.intouchweekly.com
17750,www.cosmopolitan.com
23477,www.xxlmag.com
28670,www.thedailybeast.com
31684,www.askmen.com