ARTICLES,HOST
994991336,www.cnn.com
773775224,www.lifeandstylemag.com
752368640,www.dailymail.co.uk
674616162,www.littlethings.com
553675383,people.com
493438158,www.intouchweekly.com
472137067,m.eonline.com
445795740,www.nbcnews.com
341168580,www.hgtv.com
321852733,www.thedailybeast.com
292818233,www.womansworld.com
286264160,www.today.com
265681224,www.diynetwork.com
263843956,www.totalprosports.com
247090087,nypost.com
235064877,littlethings.com
228021963,www.fhm.com
212622587,allrecipes.com
197552659,www.foodnetwork.com
187920351,www.firstforwomen.com
169669033,www.etonline.com
153921473,www.gamefaqs.com
147338080,www.cnbc.com
144953938,www.telemundo.com
141864095,www.food.com
137445827,elitedaily.com
134139484,www.cbsnews.com
120949806,www.livestrong.com
118977898,www.90min.com
113453946,www.askmen.com
102353370,www.xxlmag.com
90333900,247sports.com
83874801,www.independent.co.uk
79909060,www.si.com
74692979,www.usatoday.com
74034185,www.tvguide.com
72666231,www.chowhound.com
72305840,www.cbssports.com
72095623,www.msnbc.com
71233222,www.gamespot.com
71204662,www.metrolyrics.com
71102020,www.closerweekly.com
66539626,nameberry.com
66248758,www.cracked.com
62974433,www.scarymommy.com
62555534,time.com
60258836,www.complex.com
59005942,www.maxpreps.com
58863611,www.eurosport.fr
58152207,www.vladtv.com